AVERAGED ALTITUDE UPTO THAT INSTANT,Pressure (milliBar),Temp Celcius
17.1748,1009.6227,31
32.1036,1009.587,31
28.3604,1009.6182,31
20.0813,1009.6487,31
8.0325,1009.6906,31
1.8496,1009.6778,31
2.3403,1009.6367,31
-0.6606,1009.6689,31
-1.4679,1009.6524,31
-1.9553,1009.6502,31
-4.8041,1009.6828,31
-4.2937,1009.6417,31
-2.9472,1009.6276,31
-0.4152,1009.6043,31
-1.9024,1009.6701,31
-3.9304,1009.6836,31
-4.6318,1009.6619,31
-3.0239,1009.614,31
-2.0999,1009.626,31
-2.0742,1009.6447,31
-2.68,1009.6602,31
-1.5613,1009.6171,31
-0.6778,1009.6208,31
0.9909,1009.596,31
1.7016,1009.6208,31
1.687,1009.6415,31
2.6618,1009.6096,31
2.3026,1009.6514,31
3.4076,1009.6021,31
3.2236,1009.6453,31
5.1311,1009.5684,31
6.1846,1009.5967,31
5.1644,1009.6759,31
5.4555,1009.6252,31
4.288,1009.685,31
3.9194,1009.6535,31
3.3421,1009.664,31
2.976,1009.6552,31
1.8293,1009.6931,31
2.0279,1009.6317,31
1.1407,1009.684,31
0.044,1009.6968,31
0.1659,1009.637,31
-0.018,1009.652,31
-0.5108,1009.6691,31
0.471,1009.5899,31
0.2586,1009.6541,31
-0.7927,1009.7027,31
-1.1216,1009.6632,31
-0.8297,1009.6273,31
-1.145,1009.6632,31
-1.1179,1009.6429,31
-1.2763,1009.6541,31
-1.7224,1009.6729,31
-1.5373,1009.6333,31
-1.5052,1009.6429,31
-1.8681,1009.6691,31
-2.2186,1009.6691,31
-2.4766,1009.6638,31
-3.0694,1009.6885,31
-3.0451,1009.6445,31
-3.3796,1009.6713,31
-3.2546,1009.6378,31
-2.1179,1009.5599,31
-1.9837,1009.6354,31
-2.298,1009.6697,31
-2.1966,1009.6378,31
-2.1721,1009.6436,31
-1.9109,1009.6242,31
-1.2117,1009.5868,31
-0.9341,1009.6211,31
-0.8808,1009.6398,31
-0.4199,1009.604,31
-0.507,1009.651,31
-0.4615,1009.6398,31
-0.1495,1009.6152,31
-0.175,1009.6452,31
-0.3489,1009.6591,31
-0.5519,1009.6623,31
-0.9281,1009.6794,31
-1.0406,1009.6548,31
-1.2084,1009.6607,31
-1.0633,1009.6301,31
-1.5854,1009.6965,31
-2.2195,1009.7092,31
-2.5624,1009.681,31
-3.0796,1009.6997,31
-3.2488,1009.6644,31
-3.6992,1009.6943,31
-3.8577,1009.6644,31
-4.0476,1009.6682,31
-4.3023,1009.6756,31
-4.8527,1009.7092,31
-5.6443,1009.7376,31
-5.8742,1009.6756,31
-6.0827,1009.6735,31
-6.4341,1009.6906,31
-6.665,1009.6778,31
-6.9073,1009.6794,31
-7.113,1009.6756,31
-7.4873,1009.6965,31
-7.8077,1009.6911,31
-7.8191,1009.6533,31
-7.6626,1009.6329,31
-7.8513,1009.6756,31
-8.0515,1009.6778,31
-7.7169,1009.6099,31
-7.9733,1009.6853,31
-8.5062,1009.7218,31
-8.7219,1009.6816,31
-8.5933,1009.6367,31
-8.6959,1009.6666,31
-9.0492,1009.7009,31
-9.0069,1009.6479,31
-9.3743,1009.704,31
-9.8857,1009.7248,31
-10.1626,1009.6934,31
-10.3944,1009.6875,31
-10.6979,1009.6987,31
-11.0755,1009.7098,31
-11.2417,1009.68,31
-11.1192,1009.6388,31
-11.2952,1009.6822,31
-11.43,1009.6762,31
-11.5541,1009.6748,31
-11.8609,1009.7031,31
-11.8382,1009.6538,31
-11.8324,1009.656,31
-12.0316,1009.6875,31
-12.0813,1009.665,31
-12.4167,1009.7098,31
-12.6589,1009.6956,31
-12.8538,1009.689,31
-12.7066,1009.6351,31
-12.7025,1009.6575,31
-12.8889,1009.6881,31
-12.6906,1009.6262,31
-12.8361,1009.6822,31
-13.0479,1009.6934,31
-13.351,1009.7089,31
-13.6124,1009.7031,31
-13.6505,1009.6657,31
-13.6992,1009.6672,31
-13.5784,1009.6388,31
-13.6123,1009.665,31
-13.8014,1009.6918,31
-13.8908,1009.6748,31
-13.8398,1009.6507,31
-14.0023,1009.6881,31
-14.1274,1009.6822,31
-14.3803,1009.7052,31
-14.3378,1009.6524,31
-14.4099,1009.6732,31
-14.4193,1009.662,31
-14.7626,1009.7239,31
-14.8238,1009.6716,31
-14.891,1009.6732,31
-15.0677,1009.694,31
-15.1557,1009.6774,31
-15.2294,1009.6753,31
-15.4401,1009.7015,31
-15.6481,1009.7015,31
-15.591,1009.6507,31
-15.5475,1009.6529,31
-15.5142,1009.6545,31
-15.6977,1009.6978,31
-15.784,1009.6791,31
-15.7498,1009.6545,31
-15.8349,1009.6791,31
-16.0775,1009.7111,31
-16.1071,1009.6679,31
-16.2899,1009.6999,31
-16.5226,1009.7105,31
-16.6463,1009.6881,31
-16.5331,1009.6395,31
-16.5232,1009.6604,31
-16.5672,1009.6716,31
-16.5394,1009.6566,31
-16.4913,1009.6524,31
-16.4261,1009.6486,31
-16.3558,1009.647,31
-16.3531,1009.662,31
-16.4456,1009.6828,31
-16.5975,1009.6956,31
-16.5935,1009.662,31
-16.6833,1009.6828,31
-16.8992,1009.7111,31
-16.9302,1009.67,31
-16.9357,1009.6641,31
-16.7214,1009.6149,31
-16.8829,1009.6999,31
-16.861,1009.6582,31
-16.8832,1009.6679,31
-17.0004,1009.6903,31
-16.8171,1009.6208,31
-17.0791,1009.7246,31
-17.1721,1009.6849,31
-17.4217,1009.7224,31
-17.3182,1009.6395,31
-17.295,1009.6582,31
-17.2589,1009.6545,31
-17.5031,1009.7224,31
-17.8152,1009.7396,31
-17.9092,1009.6873,31
-18.0151,1009.6903,31
-18.115,1009.6887,31
-18.2419,1009.6962,31
-18.3829,1009.6999,31
-18.5174,1009.6984,31
-18.7538,1009.7246,31
-19.0181,1009.7321,31
-19.1851,1009.7081,31
-19.4771,1009.7401,31
-19.4923,1009.67,31
-19.5368,1009.6774,31
-19.625,1009.6887,31
-19.6977,1009.6849,31
-19.7746,1009.6866,31
-19.7591,1009.6625,31
-19.787,1009.6737,31
-19.7788,1009.6641,31
-19.8635,1009.6887,31
-19.9403,1009.6873,31
-19.9527,1009.67,31
-20.1177,1009.7111,31
-20.2695,1009.7081,31
-20.427,1009.7097,31
-20.4185,1009.6647,31
-20.6155,1009.7209,31
-20.7143,1009.6947,31
-20.5514,1009.6229,31
-20.5266,1009.6604,31
-20.5179,1009.6647,31
-20.6425,1009.7022,31
-20.7435,1009.6962,31
-20.7004,1009.6551,31
-20.9364,1009.7343,31
-21.1171,1009.7192,31
-21.1459,1009.676,31
-21.1877,1009.6804,31
-21.0428,1009.6267,31
-20.7953,1009.5968,31
-20.4727,1009.5744,31
-20.5621,1009.6931,31
-20.5321,1009.6588,31
-20.5689,1009.6782,31
-20.5348,1009.6573,31
-20.614,1009.6909,31
-20.4654,1009.6237,31
-20.4195,1009.6536,31
-20.4434,1009.6744,31
-20.4986,1009.684,31
-20.5032,1009.6685,31
-20.4641,1009.6551,31
-20.618,1009.714,31
-20.5788,1009.6557,31
-20.6817,1009.699,31
-20.7531,1009.6894,31
-21.0056,1009.746,31
-20.9959,1009.6647,31
-21.1382,1009.7124,31
-21.3036,1009.7199,31
-21.4295,1009.7081,31
-21.4324,1009.6691,31
-21.5829,1009.7162,31
-21.6607,1009.6931,31
-21.6666,1009.6707,31
-21.6311,1009.6573,31
-21.6018,1009.6595,31
-21.6588,1009.6873,31
-21.7856,1009.7097,31
-21.7852,1009.6685,31
-21.777,1009.6663,31
-21.8904,1009.7059,31
-21.806,1009.6417,31
-21.8284,1009.676,31
-21.9347,1009.7044,31
-21.9033,1009.6588,31
-22.0142,1009.7059,31
-22.062,1009.6849,31
-22.1377,1009.6947,31
-22.1586,1009.676,31
-22.0952,1009.6475,31
-22.0602,1009.6573,31
-22.107,1009.6849,31
-22.1092,1009.67,31
-22.034,1009.6433,31
-22.141,1009.7059,31
-22.2125,1009.694,31
-22.1869,1009.6604,31
-22.1724,1009.6641,31
-22.2774,1009.7059,31
-22.4178,1009.7186,31
-22.4063,1009.6657,31
-22.3895,1009.6635,31
-22.3799,1009.6663,31
-22.2796,1009.6342,31
-22.3272,1009.6866,31
-22.173,1009.6149,31
-22.1061,1009.6455,31
-22.0924,1009.6641,31
-22.245,1009.7246,31
-22.2186,1009.6598,31
-22.3281,1009.7089,31
-22.4663,1009.7202,31
-22.4654,1009.6694,31
-22.3698,1009.6351,31
-22.3041,1009.6455,31
-22.2934,1009.6657,31
-22.334,1009.6843,31
-22.3744,1009.6843,31
-22.4348,1009.6918,31
-22.2415,1009.5977,31
-22.376,1009.7202,31
-22.414,1009.6837,31
-22.4184,1009.671,31
-22.3676,1009.6507,31
-22.412,1009.6866,31
-22.4096,1009.6687,31
-22.3495,1009.6464,31
-22.4281,1009.6994,31
-22.534,1009.7105,31
-22.5428,1009.6732,31
-22.5466,1009.671,31
-22.4918,1009.6486,31
-22.4861,1009.6672,31
-22.5127,1009.68,31
-22.332,1009.5993,31
-22.2385,1009.6329,31
-22.2896,1009.6897,31
-22.2015,1009.6351,31
-22.1442,1009.6464,31
-21.9959,1009.6105,31
-21.8953,1009.6292,31
-21.8867,1009.6657,31
-21.82,1009.6426,31
-21.8932,1009.6987,31
-21.855,1009.6538,31
-21.9013,1009.6875,31
-21.8151,1009.6345,31
-21.8053,1009.665,31
-21.7292,1009.6383,31
-21.6859,1009.651,31
-21.5783,1009.6249,31
-21.5556,1009.6591,31
-21.5681,1009.674,31
-21.471,1009.6286,31
-21.4487,1009.6591,31
-21.2949,1009.6046,31
-21.2824,1009.6629,31
-21.3467,1009.6949,31
-21.2936,1009.6458,31
-21.2901,1009.6666,31
-21.336,1009.6875,31
-21.5036,1009.7398,31
-21.6318,1009.7234,31
-21.7192,1009.7062,31
-21.7397,1009.6778,31
-21.7557,1009.6756,31
-21.798,1009.6869,31
-21.6864,1009.6211,31
-21.7068,1009.6778,31
-21.8435,1009.728,31
-22.0274,1009.7489,31
-22.038,1009.6735,31
-22.0052,1009.6548,31
-22.0317,1009.681,31
-22.0077,1009.6586,31
-21.8593,1009.604,31
-21.8445,1009.6623,31
-21.7144,1009.6116,31
-21.6659,1009.6473,31
-21.6135,1009.6452,31
-21.5614,1009.6452,31
-21.5222,1009.651,31
-21.4945,1009.6563,31
-21.4837,1009.6638,31
-21.4562,1009.6563,31
-21.3494,1009.6205,31
-21.2988,1009.6452,31
-21.2013,1009.6242,31
-21.1956,1009.6653,31
-21.1927,1009.6669,31
-21.26,1009.699,31
-21.3242,1009.6975,31
-21.3223,1009.6676,31
-21.483,1009.7429,31
-21.5611,1009.705,31
-21.5586,1009.6676,31
-21.6091,1009.6921,31
-21.5889,1009.6594,31
-21.5851,1009.6669,31
-21.5134,1009.6354,31
-21.4708,1009.6482,31
-21.6038,1009.7312,31
-21.5312,1009.6347,31
-21.4683,1009.6392,31
-21.4011,1009.637,31
-21.2667,1009.6048,31
-21.2531,1009.6616,31
-21.2634,1009.6729,31
-21.1895,1009.6333,31
-21.1487,1009.6482,31
-21.0878,1009.6392,31
-21.0338,1009.6422,31
-20.9937,1009.6482,31
-20.9499,1009.6467,31
-20.8707,1009.6295,31
-20.8068,1009.637,31
-20.7083,1009.6198,31
-20.5872,1009.6085,31
-20.52,1009.6347,31
-20.5573,1009.6856,31
-20.4374,1009.6085,31
-20.527,1009.7117,31
-20.564,1009.6856,31
-20.54,1009.6557,31
-20.5984,1009.6968,31
-20.6602,1009.6983,31
-20.5525,1009.614,31
-20.5777,1009.6803,31
-20.5008,1009.629,31
-20.566,1009.7005,31
-20.6048,1009.6871,31
-20.5662,1009.6476,31
-20.6432,1009.7065,31
-20.6308,1009.6609,31
-20.5437,1009.6235,31
-20.4681,1009.629,31
-20.4524,1009.6594,31
-20.3847,1009.6327,31
-20.3064,1009.6273,31
-20.2393,1009.6327,31
-20.2061,1009.6497,31
-20.2738,1009.702,31
-20.177,1009.6171,31
-20.23,1009.6945,31
-20.3479,1009.7289,31
-20.3112,1009.6476,31
-20.2747,1009.6476,31
-20.2622,1009.6602,31
-20.2893,1009.6813,31
-20.2191,1009.6303,31
-20.1128,1009.6111,31
-20.0409,1009.629,31
-20.0422,1009.6677,31
-20.0482,1009.6701,31
-19.9769,1009.629,31
-19.8836,1009.6171,31
-19.8441,1009.6453,31
-19.7198,1009.5998,31
-19.7148,1009.664,31
-19.6047,1009.6073,31
-19.6291,1009.6796,31
-19.5761,1009.6378,31
-19.5123,1009.632,31
-19.3603,1009.5834,31
-19.243,1009.6021,31
-19.1804,1009.632,31
-19.164,1009.6564,31
-19.174,1009.6714,31
-19.065,1009.6058,31
-19.0318,1009.647,31
-18.9327,1009.6111,31
-18.9295,1009.664,31
-18.9025,1009.6506,31
-18.7669,1009.5902,31
-18.7161,1009.6372,31
-18.7382,1009.6775,31
-18.7163,1009.6527,31
-18.7338,1009.6751,31
-18.6874,1009.6395,31
-18.6557,1009.647,31
-18.7434,1009.715,31
-18.6906,1009.6358,31
-18.6175,1009.6238,31
-18.6383,1009.6768,31
-18.6302,1009.6602,31
-18.6917,1009.7,31
-18.6693,1009.6522,31
-18.6316,1009.6432,31
-18.5694,1009.6296,31
-18.5233,1009.6387,31
-18.5276,1009.6677,31
-18.5286,1009.6657,31
-18.5068,1009.6522,31
-18.5339,1009.6806,31
-18.5284,1009.6619,31
-18.4738,1009.6334,31
-18.435,1009.6425,31
-18.4868,1009.6956,31
-18.4621,1009.6506,31
-18.408,1009.6334,31
-18.482,1009.7088,31
-18.4409,1009.6409,31
-18.3393,1009.6051,31
-18.3013,1009.6425,31
-18.324,1009.6783,31
-18.2359,1009.6126,31
-18.3411,1009.7275,31
-18.2881,1009.6334,31
-18.2096,1009.6179,31
-18.1534,1009.6313,31
-18.0728,1009.6163,31
-18.0208,1009.6334,31
-17.922,1009.6051,31
-17.8116,1009.5977,31
-17.7136,1009.6051,31
-17.6124,1009.6029,31
-17.5841,1009.6463,31
-17.5119,1009.6201,31
-17.4323,1009.6155,31
-17.3509,1009.614,31
-17.3388,1009.6558,31
-17.3595,1009.6762,31
-17.3207,1009.6402,31
-17.2765,1009.6365,31
-17.4645,1009.7798,31
-17.4512,1009.6552,31
-17.4441,1009.6589,31
-17.4431,1009.6627,31
-17.5645,1009.7397,31
-17.6199,1009.6986,31
-17.6478,1009.6814,31
-17.736,1009.7194,31
-17.8539,1009.7381,31
-17.8622,1009.6696,31
-17.8744,1009.6716,31
-17.9185,1009.692,31
-17.9575,1009.6889,31
-17.9515,1009.6604,31
-17.9377,1009.6552,31
-17.9546,1009.6753,31
-17.9407,1009.6552,31
-17.9201,1009.6508,31
-17.9063,1009.6552,31
-17.8208,1009.6098,31
-17.8624,1009.6911,31
-17.9184,1009.7,31
-17.8892,1009.6455,31
-17.9216,1009.6851,31
-18.0435,1009.7434,31
-18.0891,1009.694,31
-18.1987,1009.736,31
-18.2186,1009.6776,31
-18.2617,1009.6926,31
-18.3124,1009.6978,31
-18.3175,1009.6679,31
-18.3313,1009.6738,31
-18.3018,1009.6455,31
-18.3521,1009.6978,31
-18.3935,1009.692,31
-18.355,1009.6397,31
-18.3228,1009.6434,31
-18.3279,1009.6679,31
-18.4517,1009.7472,31
-18.5296,1009.7165,31
-18.5589,1009.6845,31
-18.6363,1009.7165,31
-18.6832,1009.6963,31
-18.6838,1009.6658,31
-18.6939,1009.6716,31
-18.6522,1009.6374,31
-18.695,1009.694,31
-18.6937,1009.6641,31
-18.7251,1009.6866,31
-18.7154,1009.6584,31
-18.7867,1009.7136,31
-18.8289,1009.694,31
-18.8329,1009.6679,31
-18.8444,1009.6733,31
-18.8082,1009.6411,31
-18.839,1009.6866,31
-18.8393,1009.6658,31
-18.8295,1009.6584,31
-18.806,1009.6492,31
-18.8183,1009.6738,31
-18.7807,1009.6397,31
-18.7967,1009.6762,31
-18.7055,1009.6023,31
-18.6465,1009.6247,31
-18.6289,1009.653,31
-18.6169,1009.6566,31
-18.6565,1009.6926,31
-18.677,1009.6791,31
-18.6316,1009.6337,31
-18.5819,1009.6304,31
-18.5889,1009.6701,31
-18.6067,1009.6776,31
-18.5868,1009.6508,31
-18.559,1009.6455,31
-18.5312,1009.6455,31
-18.5062,1009.6471,31
-18.4839,1009.6492,31
-18.4537,1009.6434,31
-18.4813,1009.6845,31
-18.5043,1009.6814,31
-18.5812,1009.7202,31
-18.5669,1009.6546,31
-18.5369,1009.6434,31
-18.5825,1009.6978,31
-18.6342,1009.7023,31
-18.6453,1009.6733,31
-18.646,1009.6658,31
-18.678,1009.6883,31
-18.6891,1009.6733,31
-18.7958,1009.7427,31
-18.7832,1009.656,31
-18.8278,1009.6978,31
-18.8256,1009.6636,31
-18.8466,1009.6808,31
-18.8323,1009.6546,31
-18.8481,1009.677,31
-18.8045,1009.6337,31
-18.8529,1009.7009,31
-18.861,1009.671,31
-18.9255,1009.7127,31
-18.953,1009.686,31
-19.0402,1009.7299,31
-18.9967,1009.6337,31
-19.0274,1009.6883,31
-19.0503,1009.6828,31
-19.0273,1009.6486,31
-19.0875,1009.7106,31
-19.133,1009.6995,31
-19.1835,1009.7032,31
-19.1858,1009.6673,31
-19.1906,1009.6696,31
-19.2206,1009.6883,31
-19.1796,1009.6353,31
-19.1693,1009.6576,31
-19.1465,1009.6486,31
-19.1337,1009.656,31
-19.1386,1009.6696,31
-19.1484,1009.6733,31
-19.1474,1009.6651,31
-19.1944,1009.7015,31
-19.258,1009.7144,31
-19.2741,1009.6785,31
-19.2952,1009.6822,31
-19.2973,1009.6673,31
-19.3578,1009.7121,31
-19.34,1009.6524,31
-19.2804,1009.6203,31
-19.289,1009.6727,31
-19.2657,1009.6479,31
-19.189,1009.6068,31
-19.1585,1009.6427,31
-19.151,1009.6599,31
-19.1476,1009.6629,31
-19.1145,1009.6405,31
-19.1451,1009.6897,31
-19.128,1009.6524,31
-19.1561,1009.6876,31
-19.1478,1009.6591,31
-19.0647,1009.6009,31
-19.0686,1009.6689,31
-19.0589,1009.6576,31
-19.0829,1009.6845,31
-19.0032,1009.603,31
-18.9284,1009.6068,31
-18.8971,1009.6411,31
-18.8749,1009.6479,31
-18.8179,1009.6203,31
-18.7701,1009.6278,31
-18.6983,1009.6083,31
-18.6932,1009.6614,31
-18.6842,1009.6576,31
-18.6579,1009.6442,31
-18.66,1009.6666,31
-18.5944,1009.6128,31
-18.5659,1009.6427,31
-18.6137,1009.7032,31
-18.6614,1009.7032,31
-18.6384,1009.6465,31
-18.6155,1009.6465,31
-18.5865,1009.642,31
-18.5895,1009.6673,31
-18.5636,1009.6442,31
-18.5387,1009.6449,31
-18.5037,1009.6367,31
-18.4595,1009.6292,31
-18.4596,1009.6651,31
-18.455,1009.6614,31
-18.4751,1009.6816,31
-18.5136,1009.6965,31
-18.5052,1009.6576,31
-18.5282,1009.6838,31
-18.5466,1009.6801,31
-18.5212,1009.6442,31
-18.5143,1009.6591,31
-18.5639,1009.7063,31
-18.5676,1009.6682,31
-18.6041,1009.695,31
-18.5955,1009.6576,31
-18.5817,1009.6533,31
-18.5952,1009.6763,31
-18.6102,1009.6778,31
-18.6297,1009.6816,31
-18.7262,1009.7457,31
-18.7455,1009.6816,31
-18.794,1009.7063,31
-18.8086,1009.6778,31
-18.8795,1009.7249,31
-18.8692,1009.6569,31
-18.9001,1009.6912,31
-18.922,1009.6838,31
-18.905,1009.6511,31
-18.8887,1009.6517,31
-18.8904,1009.6666,31
-18.9181,1009.689,31
-18.962,1009.7025,31
-18.9436,1009.6495,31
-18.8982,1009.6271,31
-18.8093,1009.5897,31
-18.7642,1009.6271,31
-18.7469,1009.6502,31
-18.6976,1009.6233,31
-18.6466,1009.6217,31
-18.631,1009.6517,31
-18.5795,1009.6212,31
-18.5505,1009.6405,31
-18.5782,1009.689,31
-18.5295,1009.6233,31
-18.4682,1009.6121,31
-18.5032,1009.695,31
-18.4592,1009.6271,31
-18.4066,1009.6196,31
-18.3959,1009.6554,31
-18.4069,1009.6741,31
-18.446,1009.6988,31
-18.4331,1009.6533,31
-18.4563,1009.6853,31
-18.3959,1009.6121,31
-18.3245,1009.6025,31
-18.2873,1009.6324,31
-18.2812,1009.6591,31
-18.2571,1009.6436,31
-18.276,1009.6816,31
-18.2928,1009.6795,31
-18.2716,1009.6458,31
-18.3054,1009.6943,31
-18.2929,1009.6533,31
-18.2644,1009.6398,31
-18.2874,1009.6853,31
-18.2572,1009.6383,31
-18.2165,1009.6287,31
-18.2374,1009.6831,31
-18.2391,1009.666,31
-18.1778,1009.6099,31
-18.1374,1009.6287,31
-18.1597,1009.6847,31
-18.1489,1009.6549,31
-18.1402,1009.6569,31
-18.1666,1009.6885,31
-18.1157,1009.6188,31
-18.0862,1009.6383,31
-18.1132,1009.689,31
-18.1109,1009.6623,31
-18.1503,1009.7003,31
-18.1564,1009.6697,31
-18.1665,1009.6735,31
-18.1517,1009.6511,31
-18.1598,1009.6719,31
-18.1533,1009.6586,31
-18.2145,1009.7205,31
-18.2892,1009.7333,31
-18.2702,1009.6473,31
-18.3166,1009.7072,31
-18.3525,1009.6981,31
-18.4288,1009.7354,31
-18.4261,1009.6623,31
-18.4194,1009.6586,31
-18.4222,1009.6674,31
-18.4721,1009.7108,31
-18.4707,1009.6636,31
-18.4653,1009.6599,31
-18.464,1009.6636,31
-18.4932,1009.6921,31
-18.5522,1009.7197,31
-18.5934,1009.7034,31
-18.5838,1009.6561,31
-18.6005,1009.681,31
-18.6375,1009.6997,31
-18.6077,1009.6375,31
-18.5968,1009.6549,31
-18.5933,1009.6616,31
-18.5985,1009.6697,31
-18.6446,1009.7084,31
-18.6725,1009.6915,31
-18.6656,1009.6586,31
-18.6501,1009.6503,31
-18.6819,1009.6953,31
-18.6843,1009.6674,31
-18.6329,1009.6167,31
-18.6586,1009.6898,31
-18.6431,1009.6503,31
-18.6416,1009.6636,31
-18.5687,1009.5958,31
-18.5541,1009.6511,31
-18.5157,1009.6287,31
-18.5005,1009.6503,31
-18.4555,1009.6219,31
-18.4243,1009.6354,31
-18.4231,1009.6636,31
-18.3687,1009.613,31
-18.3342,1009.6317,31
-18.2935,1009.6257,31
-18.3029,1009.6735,31
-18.2927,1009.6549,31
-18.2877,1009.6599,31
-18.2867,1009.6636,31
-18.2941,1009.6719,31
-18.2538,1009.6257,31
-18.2832,1009.6936,31
-18.3327,1009.7131,31
-18.3155,1009.6481,31
-18.3144,1009.6636,31
-18.3114,1009.6616,31
-18.3297,1009.6823,31
-18.2957,1009.6317,31
-18.2966,1009.6654,31
-18.3296,1009.6973,31
-18.3202,1009.6556,31
-18.2804,1009.6257,31
-18.2602,1009.6444,31
-18.2052,1009.6108,31
-18.1621,1009.6225,31
-18.16,1009.6623,31
-18.0582,1009.5637,31
-18.0416,1009.6481,31
-18.0465,1009.6691,31
-18.017,1009.6354,31
-18.0258,1009.6729,31
-18.032,1009.6705,31
-18.0079,1009.6406,31
-18.0502,1009.7065,31
-18.0223,1009.6369,31
-17.9738,1009.616,31
-18.0103,1009.701,31
-18.0108,1009.6646,31
-18.0735,1009.7272,31
-18.0797,1009.6705,31
-18.1027,1009.6878,31
-18.1013,1009.6631,31
-18.0805,1009.6437,31
-18.0735,1009.6571,31
-18.0513,1009.6422,31
-18.1004,1009.7139,31
-18.0971,1009.6609,31
-18.1386,1009.7065,31
-18.1737,1009.7005,31
-18.1834,1009.6743,31
-18.1596,1009.6406,31
-18.1242,1009.6287,31
-18.1727,1009.7139,31
-18.1805,1009.6722,31
-18.1827,1009.6668,31
-18.1972,1009.6796,31
-18.1958,1009.6631,31
-18.1979,1009.6668,31
-18.1983,1009.6646,31
-18.2182,1009.6854,31
-18.2216,1009.6684,31
-18.2848,1009.7304,31
-18.3449,1009.7266,31
-18.3304,1009.6497,31
-18.3099,1009.6437,31
-18.3551,1009.7116,31
-18.3201,1009.6287,31
-18.3415,1009.6871,31
-18.3629,1009.6871,31
-18.3703,1009.6722,31
-18.4388,1009.7363,31
-18.4552,1009.6818,31
-18.5071,1009.7191,31
-18.4998,1009.6571,31
-18.5408,1009.708,31
-18.5203,1009.6437,31
-18.525,1009.6698,31
-18.519,1009.6586,31
-18.5106,1009.6563,31
-18.5333,1009.6892,31
-18.5315,1009.6631,31
-18.5398,1009.6736,31
-18.5427,1009.6684,31
-18.585,1009.7095,31
-18.6004,1009.6811,31
-18.6157,1009.6811,31
-18.6643,1009.7169,31
-18.7074,1009.7109,31
-18.7012,1009.6586,31
-18.6986,1009.6624,31
-18.7007,1009.6676,31
-18.7454,1009.7133,31
-18.731,1009.6497,31
-18.7937,1009.7326,31
-18.7887,1009.6601,31
-18.8277,1009.7073,31
-18.818,1009.6549,31
-18.8258,1009.6736,31
-18.7894,1009.6265,31
-18.7745,1009.6489,31
-18.7958,1009.6885,31
-18.8136,1009.6848,31
-18.8021,1009.6527,31
-18.7872,1009.6489,31
-18.8137,1009.6937,31
-18.7988,1009.6489,31
-18.7369,1009.5983,31
-18.71,1009.6362,31
-18.6724,1009.6245,31
-18.7005,1009.696,31
-18.6561,1009.617,31
-18.6449,1009.6527,31
-18.6471,1009.6676,31
-18.6705,1009.6907,31
-18.6485,1009.6414,31
-18.6374,1009.6527,31
-18.643,1009.6713,31
-18.6365,1009.6581,31
-18.6409,1009.6698,31
-18.623,1009.6452,31
-18.6646,1009.7109,31
-18.7142,1009.7199,31
-18.7659,1009.7222,31
-18.7998,1009.7029,31
-18.8222,1009.69,31
-18.819,1009.6618,31
-18.8766,1009.7296,31
-18.862,1009.6489,31
-18.8656,1009.6693,31
-18.8913,1009.6937,31
-18.9203,1009.6975,31
-18.995,1009.749,31
-19.0391,1009.7147,31
-19.0475,1009.6751,31
-19.0858,1009.7087,31
-19.084,1009.6638,31
-19.1093,1009.6937,31
-19.1008,1009.6563,31
-19.1388,1009.7087,31
-19.1493,1009.6773,31
-19.1058,1009.617,31
-19.1309,1009.6937,31
-19.0973,1009.6282,31
-19.0637,1009.6282,31
-19.0018,1009.5958,31
-19.0252,1009.6922,31
-19.0336,1009.6751,31
-19.0552,1009.69,31
-19.0779,1009.6917,31
-19.1039,1009.6954,31
-19.1144,1009.6773,31
-19.1735,1009.7333,31
-19.2165,1009.7147,31
-19.2411,1009.6937,31
-19.2574,1009.6842,31
-19.2577,1009.6661,31
-19.2476,1009.6544,31
-19.2573,1009.6767,31
-19.2718,1009.6825,31
-19.2617,1009.6544,31
-19.2631,1009.6676,31
-19.2563,1009.6581,31
-19.2478,1009.6563,31
-19.2443,1009.6618,31
-19.2703,1009.696,31
-19.2354,1009.6258,31
-19.2221,1009.6506,31
-19.2497,1009.6975,31
-19.2149,1009.6258,31
-19.2061,1009.6557,31
-19.22,1009.6818,31
-19.1835,1009.6237,31
-19.1963,1009.6805,31
-19.1553,1009.6184,31
-19.1778,1009.6922,31
-19.2079,1009.7012,31
-19.2708,1009.7394,31
-19.2738,1009.6693,31
-19.2509,1009.6394,31
-19.2727,1009.6917,31
-19.2486,1009.6377,31
-19.2181,1009.6301,31
-19.2479,1009.7012,31
-19.2198,1009.6333,31
-19.2308,1009.6788,31
-19.2205,1009.6536,31
-19.2235,1009.6693,31
-19.2547,1009.7029,31
-19.2492,1009.6594,31
-19.2341,1009.6481,31
-19.2716,1009.7103,31
-19.2809,1009.6767,31
-19.2817,1009.6669,31
-19.3064,1009.6954,31
-19.3029,1009.6618,31
-19.3037,1009.6669,31
-19.3304,1009.6975,31
-19.3396,1009.6767,31
-19.3566,1009.6863,31
-19.3705,1009.6825,31
-19.3839,1009.6818,31
-19.393,1009.6767,31
-19.4021,1009.6767,31
-19.4048,1009.6693,31
-19.437,1009.7049,31
-19.4769,1009.7141,31
-19.4492,1009.6333,31
-19.4394,1009.6544,31
-19.4531,1009.6825,31
-19.4803,1009.6992,31
-19.4767,1009.6618,31
-19.4919,1009.6842,31
-19.5362,1009.7199,31
-19.545,1009.6767,31
-19.5913,1009.7222,31
-19.5845,1009.6581,31
-19.6103,1009.6975,31
-19.6362,1009.6975,31
-19.663,1009.6992,31
-19.6541,1009.6557,31
-19.6576,1009.6706,31
-19.6735,1009.6856,31
-19.7012,1009.7005,31
-19.7401,1009.7141,31
-19.7867,1009.7236,31
-19.8543,1009.7498,31
-19.8745,1009.6917,31
-19.9188,1009.7209,31
-19.9302,1009.6805,31
-19.9473,1009.688,31
-19.9428,1009.6611,31
-19.9919,1009.7274,31
-19.9719,1009.6424,31
-20.0056,1009.7087,31
-20.0393,1009.7087,31
-20.0851,1009.7236,31
-20.0607,1009.637,31
-20.0668,1009.6743,31
-20.079,1009.6818,31
-20.0998,1009.6931,31
-20.16,1009.7424,31
-20.1979,1009.7141,31
-20.2089,1009.6805,31
-20.2274,1009.69,31
-20.2016,1009.635,31
-20.2241,1009.6954,31
-20.2557,1009.7067,31
-20.2636,1009.6767,31
-20.3051,1009.7192,31
-20.3425,1009.7141,31
-20.3362,1009.6594,31
-20.2937,1009.614,31
-20.326,1009.708,31
-20.3453,1009.6917,31
-20.3375,1009.6573,31
-20.3208,1009.6462,31
-20.368,1009.7267,31
-20.3393,1009.6312,31
-20.3868,1009.7274,31
-20.4328,1009.7254,31
-20.3969,1009.622,31
-20.4259,1009.7042,31
-20.4182,1009.6573,31
-20.3936,1009.6364,31
-20.4165,1009.6968,31
-20.4429,1009.7012,31
-20.4673,1009.6985,31
-20.498,1009.7067,31
-20.505,1009.676,31
-20.5017,1009.6632,31
-20.5367,1009.7124,31
-20.5289,1009.6573,31
-20.584,1009.7385,31
-20.6242,1009.7192,31
-20.6438,1009.6931,31
-20.6521,1009.6781,31
-20.6384,1009.6499,31
-20.652,1009.6849,31
-20.6701,1009.6909,31
-20.6871,1009.6893,31
-20.7085,1009.6954,31
-20.7235,1009.6873,31
-20.7428,1009.6931,31
-20.7359,1009.6588,31
-20.7625,1009.7022,31
-20.7905,1009.7042,31
-20.8112,1009.6948,31
-20.8585,1009.7291,31
-20.8621,1009.6724,31
-20.9175,1009.7402,31
-20.9095,1009.6573,31
-20.942,1009.7103,31
-20.9412,1009.6669,31
-20.9318,1009.6557,31
-20.9411,1009.6798,31
-20.9687,1009.7042,31
-20.9919,1009.6985,31
-21.0669,1009.7664,31
-21.0684,1009.6701,31
-21.0675,1009.6669,31
-21.115,1009.7304,31
-21.1557,1009.7216,31
-21.1561,1009.6686,31
-21.1272,1009.6303,31
-21.1544,1009.7042,31
-21.1773,1009.6985,31
-21.1815,1009.6738,31
-21.1663,1009.6476,31
-21.171,1009.6743,31
-21.1923,1009.6968,31
-21.1871,1009.6611,31
-21.1847,1009.6648,31
-21.1794,1009.6611,31
-21.2054,1009.7029,31
-21.1973,1009.6573,31
-21.1944,1009.664,31
-21.2255,1009.7097,31
-21.1887,1009.6192,31
-21.2056,1009.6909,31
-21.1933,1009.6514,31
-21.1582,1009.6214,31
-21.1403,1009.6439,31
-21.145,1009.6743,31
-21.1619,1009.6909,31
-21.1801,1009.6931,31
-21.175,1009.6611,31
-21.181,1009.676,31
-21.1796,1009.6663,31
-21.1926,1009.6856,31
-21.2019,1009.6805,31
-21.2284,1009.7042,31
-21.2029,1009.6342,31
-21.1803,1009.638,31
-21.2207,1009.723,31
-21.2248,1009.6738,31
-21.2155,1009.6551,31
-21.1765,1009.6154,31
-21.1695,1009.6588,31
-21.1824,1009.6856,31
-21.2101,1009.7059,31
-21.2087,1009.6663,31
-21.21,1009.6701,31
-21.1938,1009.6462,31
-21.2034,1009.6813,31
-21.2006,1009.664,31
-21.1978,1009.664,31
-21.2483,1009.7379,31
-21.267,1009.6939,31
-21.2765,1009.6813,31
-21.2874,1009.6835,31
-21.2932,1009.676,31
-21.315,1009.6985,31
-21.3236,1009.6798,31
-21.344,1009.6968,31
-21.363,1009.6948,31
-21.3518,1009.6528,31
-21.3343,1009.6439,31
-21.3401,1009.676,31
-21.276,1009.5797,31
-21.2668,1009.6551,31
-21.2994,1009.7135,31
-21.2924,1009.6588,31
-21.3218,1009.7089,31
-21.3393,1009.6925,31
-21.3513,1009.6849,31
-21.3941,1009.7284,31
-21.3884,1009.6603,31
-21.3828,1009.6603,31
-21.4065,1009.7014,31
-21.3955,1009.6528,31
-21.4222,1009.7059,31
-21.4476,1009.7042,31
-21.4357,1009.6514,31
-21.4083,1009.6303,31
-21.413,1009.6752,31
-21.4423,1009.7097,31
-21.4555,1009.6873,31
-21.4866,1009.7126,31
-21.4579,1009.6282,31
-21.4723,1009.6887,31
-21.4895,1009.6925,31
-21.4985,1009.6813,31
-21.4608,1009.6154,31
-21.4605,1009.6678,31
-21.4487,1009.6514,31
-21.4431,1009.6603,31
-21.4495,1009.6775,31
-21.4475,1009.6656,31
-21.488,1009.726,31
-21.505,1009.6925,31
-21.5295,1009.7037,31
-21.553,1009.7022,31
-21.5429,1009.6544,31
-21.5669,1009.703,31
-21.5767,1009.6827,31
-21.5891,1009.6865,31
-21.6173,1009.7089,31
-21.6719,1009.747,31
-21.6706,1009.6671,31
-21.7053,1009.7186,31
-21.7233,1009.6948,31
-21.7579,1009.7186,31
-21.7403,1009.6432,31
-21.7643,1009.7037,31
-21.7791,1009.6902,31
-21.8009,1009.7,31
-21.8121,1009.6849,31
-21.8115,1009.6678,31
-21.7925,1009.6416,31
-21.7958,1009.6738,31
-21.7742,1009.638,31
-21.7828,1009.6813,31
-21.787,1009.6752,31
-21.7839,1009.664,31
-21.7704,1009.6491,31
-21.8184,1009.7388,31
-21.8399,1009.7,31
-21.88,1009.7276,31
-21.8972,1009.6939,31
-21.9402,1009.7321,31
-21.9853,1009.7351,31
-22.0364,1009.7441,31
-22.0753,1009.726,31
-22.0719,1009.664,31
-22.122,1009.7426,31
-22.1259,1009.6752,31
-22.1131,1009.6506,31
-22.1247,1009.6865,31
-22.1312,1009.679,31
-22.1403,1009.6827,31
-22.1686,1009.7111,31
-22.1575,1009.6528,31
-22.1904,1009.7179,31
-22.222,1009.7164,31
-22.2169,1009.6619,31
-22.2143,1009.6656,31
-22.2284,1009.6902,31
-22.2207,1009.6582,31
-22.1962,1009.6334,31
-22.2251,1009.7126,31
-22.2057,1009.6409,31
-22.2185,1009.6881,31
-22.1941,1009.6334,31
-22.1941,1009.6693,31
-22.2042,1009.6843,31
-22.2216,1009.6955,31
-22.2215,1009.6693,31
-22.2519,1009.7149,31
-22.2806,1009.7126,31
-22.2755,1009.6619,31
-22.2712,1009.6633,31
-22.2951,1009.7052,31
-22.3051,1009.6843,31
-22.3437,1009.7276,31
-22.3734,1009.7142,31
-22.4044,1009.7164,31
-22.4453,1009.7313,31
-22.4686,1009.7044,31
-22.4696,1009.6715,31
-22.5154,1009.7388,31
-22.5578,1009.7337,31
-22.5772,1009.6993,31
-22.5856,1009.6827,31
-22.6074,1009.703,31
-22.6342,1009.7105,31
-22.6684,1009.7217,31
-22.6984,1009.7157,31
-22.7404,1009.7337,31
-22.7749,1009.7224,31
-22.7802,1009.6783,31
-22.7653,1009.647,31
-22.7598,1009.6619,31
-22.7433,1009.6447,31
-22.7561,1009.6895,31
-22.7701,1009.6917,31
-22.7535,1009.6447,31
-22.7343,1009.6409,31
-22.7347,1009.6708,31
-22.7586,1009.7067,31
-22.7911,1009.7201,31
-22.7915,1009.6708,31
-22.8017,1009.6858,31
-22.7984,1009.6649,31
-22.8209,1009.7044,31
-22.8212,1009.6708,31
-22.8289,1009.682,31
-22.8198,1009.6558,31
-22.812,1009.6582,31
-22.8136,1009.6724,31
-22.8397,1009.7105,31
-22.8318,1009.6582,31
-22.8227,1009.6558,31
-22.8072,1009.6463,31
-22.8316,1009.7081,31
-22.8225,1009.6558,31
-22.8407,1009.6986,31
-22.8411,1009.6708,31
-22.9031,1009.7665,31
-22.9687,1009.7724,31
-22.9953,1009.7119,31
-23.0255,1009.7172,31
-23.0483,1009.7061,31
-23.1112,1009.7687,31
-23.1659,1009.756,31
-23.2019,1009.7269,31
-23.2117,1009.6858,31
-23.2452,1009.7232,31
-23.2512,1009.6799,31
-23.275,1009.7081,31
-23.2798,1009.6783,31
-23.3003,1009.703,31
-23.3091,1009.6843,31
-23.3187,1009.6858,31
-23.3038,1009.647,31
-23.2929,1009.6538,31
-23.3025,1009.6858,31
-23.3261,1009.7081,31
-23.326,1009.6708,31
-23.3348,1009.6843,31
-23.3133,1009.6372,31
-23.3205,1009.682,31
-23.3452,1009.7097,31
-23.3642,1009.7007,31
-23.3307,1009.6179,31
-23.3513,1009.7037,31
-23.3429,1009.6574,31
-23.3571,1009.6932,31
-23.394,1009.7291,31
-23.3986,1009.6783,31
-23.4009,1009.6745,31
-23.3996,1009.6687,31
-23.4252,1009.7119,31
-23.4603,1009.7269,31
-23.4712,1009.6881,31
-23.4853,1009.6932,31
-23.5451,1009.7665,31
-23.5531,1009.6836,31
-23.5364,1009.6439,31
-23.5373,1009.6724,31
-23.5233,1009.6484,31
-23.5279,1009.6783,31
-23.5477,1009.703,31
-23.5214,1009.629,31
-23.5223,1009.6724,31
-23.5139,1009.6574,31
-23.5133,1009.6701,31
-23.5202,1009.682,31
-23.4881,1009.6194,31
-23.475,1009.65,31
-23.4866,1009.6895,31
-23.4723,1009.6477,31
-23.4531,1009.6402,31
-23.4541,1009.6724,31
-23.4726,1009.7007,31
-23.4806,1009.6836,31
-23.4863,1009.6799,31
-23.464,1009.635,31
-23.472,1009.6836,31
-23.4761,1009.6776,31
-23.4596,1009.6439,31
-23.4634,1009.6768,31
-23.4361,1009.6269,31
-23.4449,1009.685,31
-23.4482,1009.6761,31
-23.4651,1009.6986,31
-23.4329,1009.6187,31
-23.4324,1009.6701,31
-23.448,1009.6963,31
-23.4487,1009.6717,31
-23.4324,1009.6439,31
-23.4334,1009.6724,31
-23.4532,1009.7037,31
-23.4439,1009.6552,31
-23.3942,1009.5895,31
-23.3826,1009.6515,31
-23.3844,1009.6738,31
-23.3717,1009.65,31
-23.3624,1009.6552,31
-23.3597,1009.6664,31
-23.3764,1009.6986,31
-23.3801,1009.6768,31
-23.372,1009.6574,31
-23.3416,1009.6208,31
-23.3267,1009.6463,31
-23.3179,1009.6558,31
-23.3175,1009.6701,31
-23.2931,1009.6306,31
-23.2896,1009.6649,31
-23.3204,1009.7217,31
-23.3124,1009.6574,31
-23.2848,1009.6253,31
-23.2719,1009.6492,31
-23.2411,1009.6194,31
-23.2025,1009.6066,31
-23.1679,1009.6134,31
-23.1104,1009.5745,31
-23.0824,1009.6238,31
-23.0459,1009.6096,31
-23.0656,1009.7037,31
-23.0507,1009.6456,31
-23.0588,1009.6836,31
-23.0529,1009.6605,31
-23.0496,1009.6649,31
-23.046,1009.6643,31
-23.0526,1009.6813,31
-23.0512,1009.668,31
-23.017,1009.6134,31
-23.0191,1009.6738,31
-23.0148,1009.6627,31
-23.0314,1009.6986,31
-23.0323,1009.6717,31
-23.0511,1009.7023,31
-23.0751,1009.7112,31
-23.0894,1009.6948,31
-23.0791,1009.653,31
-23.0777,1009.668,31
-23.0764,1009.668,31
-23.0732,1009.6649,31
-23.0482,1009.6284,31
-23.0625,1009.6948,31
-23.0537,1009.6552,31
-23.0427,1009.6515,31
-23.0402,1009.6664,31
-23.0219,1009.6395,31
-23.0194,1009.6664,31
-23.0204,1009.6717,31
-23.0397,1009.7037,31
-23.0528,1009.6926,31
-23.0636,1009.6889,31
-23.0667,1009.6754,31
-23.0624,1009.6627,31
-23.0581,1009.6627,31
-23.0399,1009.6395,31
-23.065,1009.7135,31
-23.0391,1009.6262,31
-23.0422,1009.6754,31
-23.0607,1009.7023,31
-23.0714,1009.6889,31
-23.0767,1009.6792,31
-23.0633,1009.647,31
-23.0409,1009.6321,31
-23.0008,1009.6015,31
-22.9853,1009.6433,31
-22.9599,1009.6269,31
-22.9159,1009.5947,31
-22.8957,1009.6358,31
-22.9065,1009.6889,31
-22.9017,1009.662,31
-22.8739,1009.6224,31
-22.8727,1009.668,31
-22.8606,1009.6492,31
-22.8678,1009.6829,31
-22.8731,1009.6792,31
-22.8523,1009.6343,31
-22.8726,1009.7053,31
-22.8406,1009.6149,31
-22.8023,1009.6038,31
-22.7903,1009.6492,31
-22.7914,1009.6717,31
-22.7888,1009.6657,31
-22.7848,1009.6627,31
-22.7717,1009.647,31
-22.7631,1009.6545,31
-22.7576,1009.6605,31
-22.7972,1009.7396,31
-22.8011,1009.6769,31
-22.8237,1009.7097,31
-22.8161,1009.6567,31
-22.8509,1009.7315,31
-22.8594,1009.685,31
-22.8525,1009.6582,31
-22.8441,1009.6552,31
-22.857,1009.6926,31
-22.8418,1009.6433,31
-22.8196,1009.6314,31
-22.8302,1009.6889,31
-22.8248,1009.6605,31
-22.818,1009.6582,31
-22.7856,1009.6134,31
-22.7963,1009.6889,31
-22.767,1009.6187,31
-22.732,1009.6082,31
-22.7547,1009.7105,31
-22.7746,1009.7053,31
-22.7817,1009.6829,31
-22.7834,1009.6732,31
-22.799,1009.6979,31
-22.8159,1009.7,31
-22.7859,1009.6171,31
-22.81,1009.7128,31
-22.8283,1009.7031,31
-22.8342,1009.6807,31
-22.8402,1009.6807,31
-22.8334,1009.6582,31
-22.8457,1009.6918,31
-22.8769,1009.7261,31
-22.8807,1009.6769,31
-22.876,1009.662,31
-22.8861,1009.6881,31
-22.8734,1009.647,31
-22.8613,1009.6486,31
-22.8788,1009.7016,31
-22.8797,1009.6717,31
-22.8881,1009.685,31
-22.8716,1009.6411,31
-22.8758,1009.6776,31
-22.8869,1009.6904,31
-22.8843,1009.6657,31
-22.8926,1009.685,31
-22.9242,1009.7277,31
-22.921,1009.6643,31
-22.8902,1009.6149,31
-22.873,1009.6395,31
-22.8582,1009.6433,31
-22.8714,1009.6942,31
-22.8995,1009.721,31
-22.8886,1009.6507,31
-22.9017,1009.6942,31
-22.8824,1009.6358,31
-22.8633,1009.6358,31
-22.8389,1009.6262,31
-22.8208,1009.6374,31
-22.8311,1009.6889,31
-22.83,1009.668,31
-22.8268,1009.6643,31
-22.8185,1009.6545,31
-22.8381,1009.7061,31
-22.8553,1009.7016,31
-22.8431,1009.6477,31
-22.8406,1009.6657,31
-22.8299,1009.6507,31
-22.7995,1009.6149,31
-22.7874,1009.6477,31
-22.775,1009.647,31
-22.7887,1009.6956,31
-22.7952,1009.6822,31
-22.8222,1009.7203,31
-22.8263,1009.6776,31
-22.8022,1009.6262,31
-22.8008,1009.6672,31
-22.7977,1009.6643,31
-22.7905,1009.6567,31
-22.7973,1009.6829,31
-22.8122,1009.6979,31
-22.7963,1009.6411,31
-22.784,1009.647,31
-22.7723,1009.6486,31
-22.7791,1009.6829,31
-22.7604,1009.6358,31
-22.76,1009.6694,31
-22.7386,1009.6306,31
-22.7362,1009.6657,31
-22.7338,1009.6657,31
-22.7266,1009.6567,31
-22.7161,1009.6507,31
-22.7178,1009.6732,31
-22.6912,1009.6208,31
-22.693,1009.6732,31
-22.6632,1009.6149,31
-22.6521,1009.6492,31
-22.6464,1009.6589,31
-22.6441,1009.6657,31
-22.6472,1009.6754,31
-22.6594,1009.6926,31
-22.6238,1009.6038,31
-22.5624,1009.5551,31
-22.5437,1009.6351,31
-22.5364,1009.656,31
-22.511,1009.6224,31
-22.4768,1009.6059,31
-22.482,1009.6792,31
-22.4619,1009.6321,31
-22.4617,1009.6694,31
-22.4676,1009.6807,31
-22.4684,1009.671,31
-22.4682,1009.6694,31
-22.4661,1009.6657,31
-22.4589,1009.656,31
-22.436,1009.6269,31
-22.4468,1009.6904,31
-22.4397,1009.656,31
-22.4349,1009.6605,31
-22.4497,1009.6979,31
-22.4735,1009.715,31
-22.487,1009.6956,31
-22.4988,1009.6918,31
-22.5032,1009.6785,31
-22.5393,1009.7382,31
-22.5516,1009.6934,31
-22.5317,1009.6321,31
-22.5215,1009.6507,31
-22.5382,1009.7016,31
-22.5426,1009.6785,31
-22.5543,1009.6918,31
-22.5571,1009.6748,31
-22.5349,1009.6276,31
-22.53,1009.6605,31
-22.5229,1009.656,31
-22.5306,1009.6843,31
-22.5215,1009.6524,31
-22.5045,1009.6374,31
-22.5023,1009.6657,31
-22.5229,1009.7091,31
-22.5473,1009.7166,31
-22.5606,1009.6956,31
-22.5896,1009.7254,31
-22.6018,1009.6934,31
-22.6183,1009.7016,31
-22.6266,1009.686,31
-22.6397,1009.6956,31
-22.662,1009.7128,31
-22.6824,1009.7091,31
-22.6821,1009.6694,31
-22.6952,1009.6956,31
-22.7122,1009.7031,31
-22.7324,1009.7091,31
-22.7239,1009.6538,31
-22.7128,1009.6486,31
-22.7125,1009.6694,31
-22.6816,1009.6105,31
-22.6764,1009.6598,31
-22.6634,1009.6449,31
-22.6605,1009.6643,31
-22.6814,1009.7105,31
-22.6587,1009.6262,31
-22.6477,1009.6486,31
-22.6393,1009.6538,31
-22.6737,1009.7374,31
-22.6766,1009.6754,31
-22.6705,1009.6582,31
-22.6596,1009.6486,31
-22.6783,1009.7069,31
-22.6654,1009.6449,31
-22.6526,1009.6449,31
-22.6416,1009.6486,31
-22.6478,1009.6822,31
-22.6485,1009.671,31
-22.6482,1009.6694,31
-22.6393,1009.6524,31
-22.6338,1009.659,31
-22.6506,1009.7031,31
-22.6548,1009.6785,31
-22.6294,1009.6202,31
-22.632,1009.6748,31
-22.6317,1009.6694,31
-22.6372,1009.6807,31
-22.6232,1009.6426,31
-22.6207,1009.665,31
-22.6358,1009.6994,31
-22.6451,1009.6881,31
-22.6506,1009.6807,31
-22.6417,1009.6524,31
-22.6443,1009.6748,31
-22.6077,1009.5977,31
-22.6281,1009.7105,31
-22.6164,1009.6464,31
-22.6017,1009.6411,31
-22.5909,1009.6486,31
-22.5983,1009.6843,31
-22.5958,1009.665,31
-22.5985,1009.6748,31
-22.5992,1009.671,31
-22.6018,1009.6748,31
-22.5911,1009.6486,31
-22.6038,1009.6949,31
-22.602,1009.6665,31
-22.591,1009.6478,31
-22.5841,1009.656,31
-22.5817,1009.665,31
-22.5843,1009.6748,31
-22.5913,1009.6837,31
-22.605,1009.6972,31
-22.6246,1009.7091,31
-22.6429,1009.7069,31
-22.653,1009.6904,31
-22.6609,1009.686,31
-22.6651,1009.6785,31
-22.6865,1009.7128,31
-22.6937,1009.6843,31
-22.6792,1009.6411,31
-22.6983,1009.7084,31
-22.7156,1009.7047,31
-22.7328,1009.7047,31
-22.7231,1009.65,31
-22.7064,1009.6365,31
-22.7255,1009.7084,31
-22.7408,1009.7009,31
-22.767,1009.7233,31
-22.786,1009.7084,31
-22.7798,1009.6575,31
-22.7997,1009.7105,31
-22.79,1009.65,31
-22.7959,1009.6822,31
-22.8014,1009.6815,31
-22.802,1009.671,31
-22.806,1009.6785,31
-22.8193,1009.6972,31
-22.8261,1009.6837,31
-22.8419,1009.7023,31
-22.8477,1009.6822,31
-22.8238,1009.6216,31
-22.8454,1009.7143,31
-22.8593,1009.6986,31
-22.8617,1009.6748,31
-22.8582,1009.6627,31
-22.8732,1009.7009,31
-22.867,1009.6575,31
-22.8638,1009.6635,31
-22.8491,1009.6403,31
-22.8422,1009.656,31
-22.8353,1009.656,31
-22.8365,1009.6726,31
-22.842,1009.6815,31
-22.8425,1009.671,31
-22.8785,1009.7442,31
-22.8922,1009.6986,31
-22.8703,1009.6254,31
-22.8696,1009.6687,31
-22.8588,1009.6478,31
-22.8802,1009.7143,31
-22.8583,1009.6254,31
-22.8558,1009.665,31
-22.8643,1009.6875,31
-22.8553,1009.6516,31
-22.85,1009.659,31
-22.8793,1009.7308,31
-22.8768,1009.665,31
-22.8733,1009.6627,31
-22.9028,1009.7315,31
-22.9076,1009.68,31
-22.916,1009.6875,31
-22.9589,1009.7591,31
-22.9673,1009.6875,31
-22.9729,1009.6822,31
-22.9633,1009.65,31
-22.9726,1009.6897,31
-22.981,1009.6875,31
-23.0045,1009.7196,31
-23.0329,1009.7292,31
-23.0448,1009.6949,31
-23.0667,1009.7159,31
-23.0929,1009.7248,31
-23.1027,1009.6911,31
-23.1372,1009.7427,31
-23.1446,1009.686,31
-23.1679,1009.7196,31
-23.1984,1009.7345,31
-23.1831,1009.6389,31
-23.1903,1009.686,31
-23.2202,1009.733,31
-23.2501,1009.733,31
-23.2709,1009.7143,31
-23.2711,1009.671,31
-23.2732,1009.6748,31
-23.2849,1009.6949,31
-23.2939,1009.6897,31
-23.2867,1009.6553,31
-23.3107,1009.7211,31
-23.3383,1009.7285,31
-23.3661,1009.7292,31
-23.3696,1009.6785,31
-23.371,1009.674,31
-23.3665,1009.6613,31
-23.3808,1009.7009,31
-23.3747,1009.6582,31
-23.3767,1009.6748,31
-23.3883,1009.6956,31
-23.3587,1009.6083,31
-23.3442,1009.6403,31
-23.342,1009.6665,31
-23.3393,1009.665,31
-23.3571,1009.7084,31
-23.3642,1009.686,31
-23.3677,1009.6785,31
-23.3703,1009.6762,31
-23.3676,1009.665,31
-23.3853,1009.7084,31
-23.3906,1009.6822,31
-23.3744,1009.6365,31
-23.377,1009.6762,31
-23.3858,1009.6897,31
-23.383,1009.665,31
-23.3803,1009.665,31
-23.3334,1009.5709,31
-23.3301,1009.6635,31
-23.3259,1009.662,31
-23.3474,1009.7166,31
-23.3464,1009.6687,31
-23.3691,1009.7196,31
-23.3926,1009.7211,31
-23.412,1009.7121,31
-23.4219,1009.6918,31
-23.4348,1009.6986,31
-23.432,1009.665,31
-23.4072,1009.6179,31
-23.3986,1009.6524,31
-23.4214,1009.7203,31
-23.4234,1009.6748,31
-23.4374,1009.7009,31
-23.4707,1009.7427,31
-23.4785,1009.6875,31
-23.4868,1009.6889,31
-23.4756,1009.6464,31
-23.4781,1009.6762,31
-23.4794,1009.674,31
-23.4749,1009.6613,31
-23.4687,1009.6575,31
-23.458,1009.6478,31
-23.4606,1009.6762,31
-23.4709,1009.6934,31
-23.4603,1009.6478,31
-23.448,1009.6441,31
-23.44,1009.6538,31
-23.4466,1009.6851,31
-23.4526,1009.6837,31
-23.4522,1009.6702,31
-23.4495,1009.665,31
-23.4499,1009.6718,31
-23.4757,1009.7271,31
-23.4993,1009.7225,31
-23.5281,1009.7338,31
-23.5401,1009.6972,31
-23.5336,1009.6568,31
-23.5575,1009.7233,31
-23.546,1009.6457,31
-23.5681,1009.7196,31
-23.561,1009.6553,31
-23.558,1009.6643,31
-23.5558,1009.6665,31
-23.5565,1009.6726,31
-23.5494,1009.6553,31
-23.5501,1009.6726,31
-23.543,1009.6553,31
-23.5386,1009.6613,31
-23.5562,1009.7098,31
-23.5509,1009.659,31
-23.5481,1009.665,31
-23.546,1009.6665,31
-23.5602,1009.7023,31
-23.5726,1009.6986,31
-23.5733,1009.6726,31
-23.5869,1009.7009,31
-23.601,1009.7023,31
-23.6303,1009.736,31
-23.6155,1009.6389,31
-23.6213,1009.6837,31
-23.6105,1009.647,31
-23.6095,1009.6687,31
-23.6415,1009.7421,31
-23.6482,1009.686,31
-23.6477,1009.6702,31
-23.6577,1009.6934,31
-23.6541,1009.6627,31
-23.6496,1009.6613,31
-23.6289,1009.6254,31
-23.6167,1009.6441,31
-23.6296,1009.6994,31
-23.6405,1009.6949,31
-23.6462,1009.6837,31
-23.6537,1009.6875,31
-23.6467,1009.6553,31
-23.6555,1009.6911,31
-23.6519,1009.6627,31
-23.6692,1009.7098,31
-23.6877,1009.7121,31
-23.7109,1009.7233,31
-23.7449,1009.7473,31
-23.7638,1009.7136,31
-23.7904,1009.7308,31
-23.8025,1009.6986,31
-23.803,1009.6726,31
-23.8338,1009.7405,31
-23.8509,1009.7098,31
-23.8866,1009.7516,31
-23.9164,1009.7382,31
-23.9487,1009.7442,31
-23.9733,1009.7271,31
-23.9797,1009.686,31
-24.0029,1009.724,31
-24.012,1009.6918,31
-24.02,1009.6897,31
-24.0356,1009.7069,31
-24.038,1009.6769,31
-24.0712,1009.7464,31
-24.0649,1009.6575,31
-24.0731,1009.6904,31
-24.0766,1009.6792,31
-24.1055,1009.7374,31
-24.0936,1009.6449,31
-24.0867,1009.656,31
-24.0907,1009.6807,31
-24.1121,1009.7203,31
-24.135,1009.724,31
-24.146,1009.6963,31
-24.1533,1009.6881,31
-24.1609,1009.6889,31
-24.1849,1009.7261,31
-24.1866,1009.6754,31
-24.2111,1009.7277,31
-24.2192,1009.6904,31
-24.2118,1009.6545,31
-24.2299,1009.7128,31
-24.2471,1009.7112,31
-24.2735,1009.7322,31
-24.2923,1009.715,31
-24.307,1009.7053,31
-24.302,1009.6605,31
-24.3095,1009.6889,31
-24.3219,1009.7,31
-24.3222,1009.6724,31
-24.3354,1009.7023,31
-24.3272,1009.653,31
-24.3387,1009.6986,31
-24.3406,1009.6761,31
-24.3448,1009.6813,31
-24.3604,1009.7081,31
-24.3731,1009.7007,31
-24.384,1009.697,31
-24.3859,1009.6761,31
-24.39,1009.6813,31
-24.3845,1009.6589,31
-24.4058,1009.721,31
-24.4102,1009.682,31
-24.434,1009.7269,31
-24.4391,1009.6836,31
-24.4533,1009.7044,31
-24.4762,1009.7247,31
-24.4991,1009.7247,31
-24.4952,1009.6627,31
-24.5167,1009.7217,31
-24.5251,1009.6917,31
-24.5293,1009.682,31
-24.5374,1009.6911,31
-24.5466,1009.6932,31
-24.5639,1009.7126,31
-24.5599,1009.6633,31
-24.5781,1009.7142,31
-24.5717,1009.6574,31
-24.5775,1009.6858,31
-24.5757,1009.6678,31
-24.554,1009.6222,31
-24.5699,1009.7089,31
-24.5768,1009.6881,31
-24.5851,1009.6917,31
-24.601,1009.7089,31
-24.597,1009.6633,31
-24.6085,1009.6993,31
-24.6355,1009.7351,31
-24.6586,1009.726,31
-24.6763,1009.7135,31
-24.6696,1009.6565,31
-24.6862,1009.7111,31
-24.7011,1009.7075,31
-24.6836,1009.632,31
-24.6912,1009.6902,31
-24.6956,1009.6827,31
-24.7148,1009.7171,31
-24.734,1009.7171,31
-24.7217,1009.6432,31
-24.7428,1009.7216,31
-24.7331,1009.6499,31
-24.7402,1009.6887,31
-24.7418,1009.676,31
-24.761,1009.7171,31
-24.7554,1009.6594,31
-24.7592,1009.6813,31
-24.7911,1009.7478,31
-24.8059,1009.7075,31
-24.822,1009.7103,31
-24.8121,1009.6491,31
-24.8049,1009.6551,31
-24.8073,1009.6781,31
-24.8041,1009.6648,31
-24.8316,1009.7379,31
-24.8699,1009.7627,31
-24.8973,1009.7379,31
-24.9181,1009.7216,31
-24.9309,1009.7029,31
-24.9556,1009.7311,31
-24.9772,1009.7236,31
-24.9915,1009.7067,31
-25.0167,1009.7328,31
-25.0126,1009.6632,31
-25.0133,1009.6743,31
-25.0281,1009.708,31
-25.0487,1009.7216,31
-25.0401,1009.652,31
-25.0599,1009.7199,31
-25.0765,1009.7124,31
-25.0876,1009.6992,31
-25.0986,1009.6992,31
-25.0961,1009.6669,31
-25.08,1009.635,31
-25.0802,1009.673,31
-25.0856,1009.6856,31
-25.0826,1009.6655,31
-25.0904,1009.6917,31
-25.1053,1009.7087,31
-25.121,1009.7103,31
-25.1272,1009.688,31
-25.164,1009.761,31
-25.1767,1009.7035,31
-25.1982,1009.7244,31
-25.2001,1009.6773,31
-25.2036,1009.6811,31
-25.1976,1009.6586,31
-25.1576,1009.5772,31
-25.1569,1009.6713,31
-25.1612,1009.6833,31
-25.1519,1009.6506,31
-25.1614,1009.696,31
-25.1626,1009.6759,31
-25.1779,1009.7095,31
-25.1806,1009.6796,31
-25.1804,1009.6722,31
-25.2036,1009.7289,31
-25.1987,1009.6609,31
-25.2045,1009.6871,31
-25.2237,1009.7191,31
-25.2162,1009.6549,31
-25.2204,1009.6833,31
-25.2215,1009.6759,31
-25.2292,1009.6915,31
-25.2399,1009.699,31
-25.241,1009.6759,31
-25.232,1009.6511,31
-25.2628,1009.7476,31
-25.2732,1009.6983,31
-25.2938,1009.7229,31
-25.3206,1009.7384,31
-25.3313,1009.699,31
-25.3279,1009.6646,31
-25.3487,1009.7235,31
-25.3669,1009.7176,31
-25.391,1009.7317,31
-25.3964,1009.6861,31
-25.4024,1009.6878,31
-25.4236,1009.7252,31
-25.4225,1009.6705,31
-25.4352,1009.7042,31
-25.4566,1009.7258,31
-25.4801,1009.7309,31
-25.5014,1009.7258,31
-25.5174,1009.7122,31
-25.5302,1009.7047,31
-25.5286,1009.6691,31
-25.5362,1009.6921,31
-25.5506,1009.7084,31
-25.5744,1009.7317,31
-25.5643,1009.6487,31
-25.5812,1009.7152,31
-25.5968,1009.7114,31
-25.6159,1009.7205,31
-25.6258,1009.6981,31
-25.6473,1009.7263,31
-25.6428,1009.6623,31
-25.6498,1009.6906,31
-25.6643,1009.7093,31
-25.6849,1009.7243,31
-25.6909,1009.6885,31
-25.7038,1009.7055,31
-25.7136,1009.6981,31
-25.7099,1009.6644,31
-25.7291,1009.7212,31
-25.7338,1009.6853,31
-25.7385,1009.6853,31
-25.757,1009.7196,31
-25.7746,1009.7174,31
-25.7524,1009.6188,31
-25.7616,1009.6965,31
-25.7754,1009.7078,31
-25.7915,1009.7138,31
-25.7847,1009.6569,31
-25.7977,1009.7063,31
-25.8072,1009.6972,31
-25.8362,1009.7457,31
-25.8441,1009.6935,31
-25.8297,1009.6383,31
-25.8246,1009.6614,31
-25.8206,1009.6636,31
-25.8325,1009.7032,31
-25.8399,1009.692,31
-25.8557,1009.7127,31
  ,,
